Year,Month,Day,Hour,Title,HasLocation,Classification1,Classification2,Confidence,Magnitude,Sentiment
2019,12,16,19,You (season 1) - Wikipedia,false,Arts & Entertainment,TV & Video,0.83,0.2,0.2,,
2019,12,16,19,you netflix show guy gets caught,true,Arts & Entertainment,TV & Video,0.81,0.0,0.0,,
2019,12,16,17,github and eclipse,false,Science,,0.85,0.5,0.5,,
2019,12,16,17,static keyword in java - GeeksforGeeks,false,Science,Computer Science,0.98,0.1,-0.1,,
2019,12,16,17,java static,false,Science,Computer Science,0.99,0.5,-0.5,,
2019,12,16,17,Document (Google App Engine API for Java) | App Engine standard ...,false,Internet & Telecom,Mobile & Wireless,0.85,0.1,0.0,,
2019,12,16,17,google cloud api Document.newBuilder,true,Computers & Electronics,,0.58,0.1,0.1,,
2019,12,16,17,Java String formatting with the String.format method (like 'sprintf ...,false,Computers & Electronics,Programming,0.98,0.1,0.0,,
2019,12,16,17,sprintf java,true,Science,Computer Science,0.99,0.2,0.2,,
2019,12,16,17,sprintf,false,Computers & Electronics,Programming,0.99,0.0,0.0,,
2019,12,16,17,Concatenate a string like in printf - Stack Overflow,false,Science,Computer Science,0.99,0.3,-0.3,,
2019,12,16,17,concatenating strings in a printf statement - Stack Overflow,false,Science,Computer Science,0.94,0.2,-0.2,,
2019,12,16,17,printf string concatenation,false,Science,Computer Science,0.99,0.2,-0.2,,
2019,12,16,17,Fix git “tip of your current branch is behind its remote counterpart” - 4 ...,false,Computers & Electronics,,0.84,0.9,-0.4,,
2019,12,16,17,Updates were rejected because the tip of your current branch is behind hint: its remote counterpart. Integrate the remote changes (e.g. hint: 'git pull ...') before pushing again.,false,,,,1.0,-0.2,,
2019,12,16,17,mac show hidden files,false,Computers & Electronics,Software,0.84,0.0,0.0,,
2019,12,16,17,Adding an existing project to GitHub using the command line ...,false,Computers & Electronics,Software,0.54,0.4,0.2,,
2019,12,16,17,Adding a file to a repository - GitHub Help,false,Computers & Electronics,Software,0.66,0.4,0.4,,
2019,12,16,17,uploading work to github,true,Computers & Electronics,Software,0.83,0.5,0.5,,
2019,12,16,16,github add license to existing repo,true,Computers & Electronics,,0.87,0.4,0.4,,
2019,12,16,16,Git Cheat sheet for command-line and Eclipse plug-in Getting started,false,Computers & Electronics,,0.84,0.1,-0.1,,
2019,12,16,16,Eclipse Git Tutorial - Vogella.com,false,Science,Computer Science,0.92,0.3,0.3,,
2019,12,16,16,can you use the git cli with eclipse,true,Science,Computer Science,0.7,0.3,0.3,,
2019,12,16,16,Git in Eclipse - Git,false,Science,Computer Science,0.81,0.4,0.4,,
2019,12,16,16,using eclipse and git cli,true,Science,Computer Science,0.81,0.1,0.1,,
2019,12,16,16,Tips and Tricks: Using Eclipse with GitHub - EclipseSource,false,Computers & Electronics,Software,0.71,0.5,0.5,,
2019,12,16,16,eclipse and github,true,Computers & Electronics,,0.77,0.4,0.4,,
2019,12,16,16,What is Round brackets / parentheses () in try catch in Java - Stack ...,false,Computers & Electronics,,0.53,0.1,0.0,,
2019,12,16,16,try block line of code inside parentheses,true,Computers & Electronics,,0.53,0.1,-0.1,,
2019,12,16,16,bracket symbol,true,Sports,Team Sports,0.65,0.1,0.1,,
2019,12,16,16,Defined symbol,true,Reference,,0.55,0.2,0.2,,
2019,12,16,16,what are these called ( ),true,,,,0.0,0.0,,
2019,12,16,16,Try catch and user input - Stack Overflow,false,Computers & Electronics,Programming,0.5,0.0,0.0,,
2019,12,16,16,try block line of code inside input,true,Computers & Electronics,,0.78,0.0,0.0,,
2019,12,16,16,ClassifyTextResponse (Cloud Natural Language API v1 (Rev. 477 ...,false,Computers & Electronics,,0.55,0.1,0.0,,
2019,12,16,16,ClassifyTextResponse google cloud api,true,Internet & Telecom,Web Services,0.57,0.0,0.0,,
2019,12,16,16,ASCII Table,false,Computers & Electronics,,0.85,0.5,0.5,,
2019,12,16,16,Ascii Table - ASCII character codes and html octal hex and decimal ...,false,Science,Computer Science,0.95,0.2,0.1,,
2019,12,16,16,ascii table,true,Computers & Electronics,,0.85,0.3,0.3,,
2019,12,16,16,Code Charts - Unicode,false,Science,Computer Science,0.92,0.5,0.5,,
2019,12,16,16,unicode table,true,Computers & Electronics,,0.96,0.6,-0.6,,
2019,12,16,16,Regular expression - Wikipedia,false,Science,,0.73,0.5,0.5,,
2019,12,16,16,regular expression,true,Science,Computer Science,0.69,0.3,0.3,,
2019,12,16,16,3 ways to count words in Java String | Java67,false,Reference,,0.53,0.5,0.5,,
2019,12,16,16,java string count words,true,Science,Computer Science,0.74,0.3,-0.3,,
2019,12,16,16,blank tokens computer science,false,Computers & Electronics,,0.54,0.0,0.0,,
2019,12,16,16,blank tokens,true,Arts & Entertainment,Online Media,0.92,0.4,-0.4,,
2019,12,16,16,token computer science,true,Computers & Electronics,,0.86,0.2,0.2,,
2019,12,16,16,token,true,Computers & Electronics,,0.94,0.4,0.4,,
2019,12,16,16,Natural Language API Basics - Google Cloud,false,Science,Computer Science,0.68,0.0,0.0,,
2019,12,16,16,Text Analysis: the only guide you'll ever need - MonkeyLearn,false,Computers & Electronics,Software,0.59,0.4,0.4,,
2019,12,16,16,Important: You must supply a text block (document) with at least twenty tokens (words) to the classifyText method. WHY,true,,,,0.8,0.0,,
2019,12,16,16,Java printf( ) Method Quick Reference,false,Science,Computer Science,0.99,0.9,0.9,,
2019,12,16,16,printf method java,true,Computers & Electronics,Programming,0.99,0.2,0.2,,
2019,12,16,13,Heaps/Priority Queues Tutorials & Notes | Data Structures ...,false,Computers & Electronics,,0.56,1.4,0.4,,
2019,12,16,13,Binary Heap - GeeksforGeeks,false,Computers & Electronics,,0.75,0.4,-0.4,,
2019,12,16,13,Heap Data Structure - GeeksforGeeks,false,,,,0.2,-0.2,,
2019,12,16,13,min heap ADT,true,Arts & Entertainment,,0.73,0.4,-0.4,,
2019,12,16,03,Ireland's history of graphic safe driving ads – Do they work ...,false,,,,0.4,-0.2,,
2019,12,16,03,DOE Drink Driving Road Safety Ad - YouTube,false,Arts & Entertainment,Online Media,0.74,0.1,-0.1,,
2019,12,16,03,This Irish Road Safety Ad Is So Horrifying It's Banned On TV Before ...,false,Sensitive Subjects,,0.65,1.7,-0.8,,
2019,12,16,03,ireland drunk driving commercial,false,Autos & Vehicles,,0.66,0.6,-0.6,,
2019,12,16,03,Difference between the time complexity required to build Binary ...,false,Computers & Electronics,,0.59,0.4,0.2,,
2019,12,16,03,build binary search tree complexity,false,Science,Computer Science,0.61,0.5,0.5,,
2019,12,16,02,Quick Sort | GeeksforGeeks - YouTube,false,Arts & Entertainment,TV & Video,0.77,0.7,0.7,,
2019,12,16,02,QuickSort - GeeksforGeeks,false,Computers & Electronics,Programming,0.99,0.1,0.1,,
2019,12,16,02,quicksort,false,Computers & Electronics,Programming,0.9,0.0,0.0,,
2019,12,16,02,Why Selection sort can be stable or unstable - Stack Overflow,false,,,,0.7,-0.7,,
2019,12,16,02,selection sort unstable,false,,,,0.8,-0.8,,
2019,12,16,01,Natural Language API Basics - Google Cloud,false,Science,Computer Science,0.68,0.0,0.0,,
2019,12,16,01,Invalid text content: too few tokens (words) to process. - Google ...,false,Games,,0.69,2.0,-0.5,,
2019,12,16,01,Invalid text content: too few tokens (words) to process - Stack Overflow,false,Games,,0.86,0.8,-0.8,,
2019,12,16,01,INVALID_ARGUMENT: Invalid text content: too few tokens (words) to process.,false,Games,,0.94,1.5,-0.7,,
2019,12,16,01,Paragraphs - The Writing Center,false,Books & Literature,Writers Resources,0.95,0.1,0.1,,
2019,12,16,01,example paragraph,false,Books & Literature,Writers Resources,0.94,0.0,0.0,,
2019,12,16,01,eclipse wrong run button color,false,Computers & Electronics,Software,0.61,0.3,-0.3,,
2019,12,16,01,Setting environment variables - Eclipse Help,false,Science,Ecology & Environment,0.75,0.5,0.5,,
2019,12,16,01,https://help.eclipse.org/kepler/topic/org.eclipse.cdt.doc.user/tasks/cdt_t_run_env.htm,false,,,,0.0,0.0,,
2019,12,16,01,setting environment variables for eclipse,false,Science,Ecology & Environment,0.77,0.5,0.5,,
2019,12,16,01,An Introduction to Environment Variables and How to Use Them,false,Science,Ecology & Environment,0.51,0.1,0.1,,
2019,12,16,01,What is an Environment Variable? - Computer Hope,false,Science,,0.83,1.6,0.4,,
2019,12,16,01,how do environment variables work,false,Science,Ecology & Environment,0.66,0.1,0.1,,
2019,12,16,01,Granting roles to service accounts | Cloud IAM Documentation ...,false,Computers & Electronics,,0.53,1.1,0.5,,
2019,12,16,01,grant role to service account google cloud api,false,Internet & Telecom,,0.51,0.0,0.0,,
2019,12,16,01,Cloud Identity and Access Management | Cloud Storage | Google ...,false,Internet & Telecom,Web Services,0.99,0.3,0.1,,
2019,12,16,01,does not have storage.buckets.list access to project,false,Business & Industrial,,0.62,0.6,-0.6,,
2019,12,16,01,Listing buckets | Cloud Storage | Google Cloud,false,Internet & Telecom,Web Services,0.99,0.3,0.3,,
2019,12,16,01,storage.buckets.list google cloud api,false,Internet & Telecom,Web Services,0.71,0.0,0.0,,
2019,12,16,01,storage.buckets.list access to project 933335395706.,false,Business & Industrial,Transportation & Logistics,0.72,0.4,0.1,,
2019,12,16,00,Error setting up authorization using G Suite [solved] - Security ...,false,Computers & Electronics,,0.87,1.0,-0.5,,
2019,12,16,00,https://github.com/_google_extract_5cbcde4ec4ab96fe?_google_e1=googlesamples&_google_e2=android-play-publisher-api&_google_e3=issues&_google_e4=4&,false,,,,0.0,0.0,,
2019,12,16,00,https://github.com/_google_extract_5cbcde4ec4ab96fe?_google_e1=gsuitedevs&_google_e2=java-samples&_google_e3=issues&_google_e4=34&,false,,,,0.0,0.0,,
2019,12,16,00,com.google.api.client.googleapis.json ... - Stack Overflow,false,Internet & Telecom,Web Services,0.71,0.9,-0.1,,
2019,12,16,00,Caused by: com.google.api.client.googleapis.json.GoogleJsonResponseException: 403 Forbidden,false,Internet & Telecom,,0.63,0.9,-0.9,,
2019,12,16,00,Authorizing requests to Compute Engine - Google Cloud,false,Internet & Telecom,,0.78,0.0,0.0,,
2019,12,16,00,Failed to detect whether we are running on google compute engine ...,false,Computers & Electronics,Software,0.69,1.5,-0.7,,
2019,12,16,00,https://github.com/_google_extract_5cbcde4ec4ab96fe?_google_e1=broadinstitute&_google_e2=gatk&_google_e3=issues&_google_e4=5447&,false,,,,0.0,0.0,,
2019,12,16,00,INFO: Failed to detect whether we are running on Google Compute Engine.,false,Internet & Telecom,,0.58,1.4,-0.7,,
2019,12,16,00,Setting Up Authentication for Server to Server Production ...,false,Computers & Electronics,Computer Hardware,0.69,2.6,-0.8,,
2019,12,16,00,Creating and Managing Projects | Resource Manager ...,false,Business & Industrial,Business Operations,0.88,2.4,0.8,,
2019,12,16,00,Projects | Cloud Storage | Google Cloud,false,Internet & Telecom,Web Services,0.99,0.3,0.3,,
2019,12,16,00,google cloud api my projects,false,Internet & Telecom,Web Services,0.64,0.1,0.1,,
2019,12,16,00,How to set GOOGLE_APPLICATION_CREDENTIALS for Google ...,false,Internet & Telecom,,0.87,0.0,0.0,,
2019,12,16,00,Getting Started with Authentication | Authentication | Google Cloud,false,Computers & Electronics,,0.76,0.6,-0.6,,
2019,12,16,00,google_application_credentials eclipse,false,Science,Astronomy,0.63,0.1,0.1,,
2019,12,16,00,Should I declare unchecked exceptions in the throws specification ...,false,Science,,0.61,0.6,-0.3,,
2019,12,16,00,throws java unchecked,false,Computers & Electronics,,0.7,0.5,-0.5,,
2019,12,16,00,Checked vs Unchecked Exceptions in Java - GeeksforGeeks,false,Science,,0.71,0.6,-0.6,,
2019,12,16,00,checked vs unchecked exceptions java,false,Computers & Electronics,,0.63,0.3,-0.3,,
2019,12,16,00,How to pass Arrays to Methods in Java? - Tutorialspoint,false,Science,Computer Science,0.91,0.2,0.0,,
2019,12,16,00,Passing an array as parameter to a method - Emory Computer Science,false,Science,Computer Science,0.94,0.5,0.5,,
2019,12,16,00,java method array passing,false,Science,Computer Science,0.99,0.7,0.7,,
2019,12,15,23,Java default values - Java Tutorials - c4learn.com,false,Science,Computer Science,0.98,0.1,0.1,,
2019,12,15,23,java default values chart,false,Science,Computer Science,0.76,0.2,0.2,,
2019,12,15,23,Quick Sort | GeeksforGeeks - YouTube,false,Arts & Entertainment,TV & Video,0.77,0.7,0.7,,
2019,12,15,23,QuickSort - GeeksforGeeks,false,Computers & Electronics,Programming,0.99,0.1,0.1,,
2019,12,15,23,quick sort partition,false,Computers & Electronics,,0.76,0.8,0.8,,
2019,12,15,22,Generic Methods (The Java™ Tutorials > Bonus > Generics),false,,,,0.1,0.1,,
2019,12,15,22,java generic method,true,Science,Computer Science,0.95,0.1,-0.1,,
2019,12,15,22,Writing Methods,false,Books & Literature,Writers Resources,0.96,0.2,0.2,,
2019,12,15,22,java method header general element void return type,true,Computers & Electronics,Programming,0.99,0.0,0.0,,
2019,12,15,22,Recursive Binary Search Tree Insert - Stack Overflow,false,Science,,0.77,0.0,0.0,,
2019,12,15,22,java BST insert recursive,false,Computers & Electronics,Programming,0.98,0.2,0.2,,
2019,12,15,22,java local changes,true,Science,Computer Science,0.94,0.1,0.1,,
2019,12,15,22,java how to avoid only local changes,true,Science,Computer Science,0.9,0.1,-0.1,,
2019,12,15,22,1%2,false,Autos & Vehicles,,0.67,0.1,-0.1,,
2019,12,15,22,Data Structures/Stacks and Queues - Wikibooks open books for an ...,false,Business & Industrial,,0.82,0.1,0.0,,
2019,12,15,22,stack data structure,false,Computers & Electronics,Enterprise Technology,0.79,0.0,0.0,,
2019,12,15,22,Data Structure and Algorithms - Queue - Tutorialspoint,false,Science,Computer Science,0.92,0.1,0.1,,
2019,12,15,22,queue data structure,false,Computers & Electronics,Enterprise Technology,0.87,0.0,0.0,,
2019,12,15,22,queue adt java,false,Science,Computer Science,0.9,0.0,0.0,,
2019,12,15,21,Violent crime in the U.S. - statistics & facts | Statista,false,Law & Government,Public Safety,0.9,0.3,0.3,,
2019,12,15,21,Statistics | The National Domestic Violence Hotline,false,Sensitive Subjects,,0.91,0.3,0.3,,
2019,12,15,21,Statistics - NCADV,false,Science,Mathematics,0.73,0.3,0.3,,
2019,12,15,21,Statistics on Violence & Peace - The Peace Alliance,false,,,,0.7,0.7,,
2019,12,15,21,statistics for violence,true,,,,0.1,-0.1,,
2019,12,15,05,Aviuz/Watchtowers: Watchtower mod for RimWorld game - GitHub,false,Games,Computer & Video Games,0.8,0.2,0.2,,
2019,12,15,05,rimworld watchtower mod,true,Games,Computer & Video Games,0.68,0.4,0.4,,
2019,12,15,05,is heap sort based on comparisons,false,Shopping,,0.57,0.1,0.1,,
2019,12,15,05,is quick sort based on comparisons,false,Shopping,Consumer Resources,0.73,0.7,0.7,,
2019,12,15,04,QuickSort - GeeksforGeeks,false,Computers & Electronics,Programming,0.99,0.1,0.1,,
2019,12,15,04,quick sort,true,,,,0.8,0.8,,
2019,12,15,04,Merge Sort - GeeksforGeeks,false,Computers & Electronics,Software,0.66,0.3,-0.3,,
2019,12,15,04,merge sort,true,Computers & Electronics,Software,0.53,0.3,-0.3,,
2019,12,15,04,SORTING,false,,,,0.0,0.0,,
2019,12,15,04,Comparison Sorting Visualization,false,Computers & Electronics,Software,0.74,0.0,0.0,,
2019,12,15,04,Sorting (Bubble Selection Insertion Merge Quick ... - VisuAlgo,false,,,,2.7,0.6,,
2019,12,15,04,sorting algorithms animation,false,Science,Computer Science,0.93,0.6,0.6,,
2019,12,15,04,Heapify | John Deringer,false,,,,0.0,0.0,,
2019,12,15,04,heapify,true,,,,0.0,0.0,,
2019,12,15,04,HeapSort - GeeksforGeeks,false,,,,0.1,0.1,,
2019,12,15,04,heap sort,false,Arts & Entertainment,Music & Audio,0.85,0.2,-0.2,,
2019,12,15,04,Chapter 7 The Relational Data Model – Database Design – 2nd ...,false,Computers & Electronics,Enterprise Technology,0.97,0.2,0.1,,
2019,12,15,04,data structure that allows for reorganization for different relations,true,Law & Government,Government,0.62,0.4,0.4,,
2019,12,15,01,2.4. Bubbling and Percolating - ODU CS,false,,,,0.2,0.0,,
2019,12,15,01,up heap bubbling and percolate up,false,Arts & Entertainment,Music & Audio,0.6,0.0,0.0,,
2019,12,15,01,Difference between Complete binary tree and balanced binary tree ...,false,Computers & Electronics,,0.63,1.6,0.8,,
2019,12,15,01,binary tree complete full perfect balanced,false,,,,0.9,0.9,,
2019,12,15,00,https://twitter.com/bearnotesapp/status/844131476111351809?lang=xx,false,,,,0.0,0.0,,
2019,12,15,00,bear escape character,true,Games,,0.67,0.5,0.5,,
2019,12,15,00,https://www.reddit.com/comments/7colu8,false,,,,0.0,0.0,,
2019,12,15,00,bear escape sequence,true,Arts & Entertainment,,0.69,0.1,0.1,,
2019,12,15,00,Recursive Bubble Sort - GeeksforGeeks,false,Games,,0.57,0.1,-0.1,,
2019,12,15,00,recursive bubble sort,false,,,,0.0,0.0,,
2019,12,15,00,Indexable | Definition of Indexable at Dictionary.com,false,Reference,General Reference,0.99,0.6,0.6,,
2019,12,15,00,meaning indexable sequence,false,Reference,General Reference,0.98,0.0,0.0,,
2019,12,15,00,meaningindexable sequence,false,,,,0.0,0.0,,
2019,12,15,00,indexable sequence,false,,,,0.0,0.0,,
2019,12,15,00,Parsing a large JSON file efficiently and easily - NGDATA,false,Science,Computer Science,0.88,0.5,0.5,,
2019,12,15,00,parsing json files,true,Science,Computer Science,0.87,0.6,-0.6,,
2019,12,15,00,https://support.google.com/accounts/answer?dupm_fake_answer_id=3024190&hl=en,false,,,,0.0,0.0,,
2019,12,15,00,download my activity google csv,false,Internet & Telecom,,0.64,0.1,0.1,,
2019,12,15,00,Welcome to My Activity,false,,,,0.8,0.8,,
2019,12,15,00,download myactivity google,false,Internet & Telecom,,0.73,0.0,0.0,,
2019,12,15,00,Google Analytics,false,Internet & Telecom,Web Services,0.96,0.1,-0.1,,
2019,12,15,00,google analytics,false,Internet & Telecom,Web Services,0.96,0.1,0.1,,
2019,12,15,00,How to Export Your Data From Google Analytics - MonsterInsights,false,Internet & Telecom,Web Services,0.73,0.2,-0.2,,
2019,12,14,23,can you download google data on you with csv,true,Internet & Telecom,,0.84,0.1,0.1,,
2019,12,14,23,reading and studying activities,false,Jobs & Education,Education,0.65,0.8,0.8,,
2019,12,14,23,Integrations - Toggl,false,Business & Industrial,,0.67,0.1,0.1,,
2019,12,14,23,ifttt toggl to done,false,Home & Garden,,0.84,0.2,0.2,,
2019,12,14,23,ifttt,false,Home & Garden,,0.84,0.3,0.3,,
2019,12,14,23,How to use find and replace to replace a character with new line ...,false,Reference,General Reference,0.5,0.1,0.0,,
2019,12,14,23,textedit replace newline,false,Science,Computer Science,0.97,0.1,0.1,,
2019,12,14,23,Check if a value is present in an Array in Java - GeeksforGeeks,false,Computers & Electronics,Programming,0.89,0.0,0.0,,
2019,12,14,23,Java – Check if Array contains a certain value? – Mkyong.com,false,Science,Computer Science,0.95,0.2,0.0,,
2019,12,14,23,java string method check in array,false,Science,Computer Science,0.98,0.3,0.3,,
2019,12,14,22,How do I create a file and write to it in Java? - Stack Overflow,false,Science,Computer Science,0.86,0.9,-0.3,,
2019,12,14,22,java writing to txt file,true,Science,Computer Science,0.87,0.1,-0.1,,
2019,12,14,22,How to import a jar file in Eclipse? | Edureka Community,false,Computers & Electronics,Software,0.68,0.5,0.1,,
2019,12,14,22,eclipse add jar library to project,true,Science,,0.81,0.2,0.2,,
2019,12,14,05,Remove HTML tags from a String - Stack Overflow,false,Internet & Telecom,Web Services,0.81,0.7,-0.7,,
2019,12,14,05,Remove HTML tags - Html-cleaner.com,false,Internet & Telecom,Web Services,0.69,0.6,-0.6,,
2019,12,14,05,take out only <a> tags of html file,false,Internet & Telecom,Web Services,0.83,0.2,-0.2,,
2019,12,14,04,How to Convert HTML to Plain Text | It Still Works,false,Reference,General Reference,0.63,0.8,0.8,,
2019,12,14,04,parse html file into plain text,true,Internet & Telecom,Web Services,0.78,0.4,-0.4,,
2019,12,14,02,Creating API requests and handling responses | Compute Engine ...,false,Computers & Electronics,Software,0.68,0.7,0.3,,
2019,12,14,02,google cloud api http request,false,Internet & Telecom,Web Services,0.57,0.0,0.0,,
2019,12,14,02,Standard Methods | Cloud APIs | Google Cloud,false,Internet & Telecom,Web Services,0.95,0.2,0.2,,
2019,12,14,02,using google cloud api for a single method,false,Internet & Telecom,Web Services,0.8,0.1,0.1,,
2019,12,14,01,Google Cloud Platform - Wikipedia,false,Internet & Telecom,Web Services,0.89,0.0,0.0,,
2019,12,14,01,what is google cloud api,false,Internet & Telecom,Web Services,0.67,0.0,0.0,,
2019,12,14,01,The Setup: Creating new apps using Google APIs - YouTube,false,Internet & Telecom,,0.78,0.1,0.1,,
2019,12,14,01,using google api,false,Internet & Telecom,,0.74,0.0,0.0,,
2019,12,14,01,google cloud shell how to run file,false,Internet & Telecom,Web Services,0.84,0.0,0.0,,
2019,12,14,01,google cloud Download a private key as JSON. help,true,Internet & Telecom,Web Services,0.78,0.6,-0.1,,
2019,12,14,01,google cloud Download a private key as JSON.,true,Internet & Telecom,Web Services,0.71,0.5,-0.1,,
2019,12,14,01,Cloud Storage JSON API overview | Cloud Storage | Google Cloud,false,Internet & Telecom,Web Services,0.99,0.2,0.2,,
2019,12,14,01,getting json file google cloud,true,Internet & Telecom,Web Services,0.83,0.0,0.0,,
2019,12,14,01,download the private key you'll use to authenticate your service account. json file need,true,Computers & Electronics,Software,0.55,0.6,0.0,,
2019,12,13,08,SrGrafo | Know Your Meme,false,Arts & Entertainment,Humor,0.81,0.6,0.6,,
2019,12,13,08,https://www.reddit.com/comments/ajtq7g,false,,,,0.0,0.0,,
2019,12,13,08,srgrafo rimworld explained,false,,,,0.4,0.4,,
2019,12,13,08,srgrafo rimworld,false,,,,0.0,0.0,,
2019,12,13,08,Rimworldme - SrGrafo,false,,,,0.1,0.1,,
2019,12,13,08,srgrafo rimworld comics,true,Arts & Entertainment,Comics & Animation,0.96,0.3,0.3,,
2019,12,13,05,Is Google cloud platform is free to use or billing? - Quora,false,Internet & Telecom,Web Services,0.97,0.4,0.1,,
2019,12,13,05,Try Google Cloud Platform for free safe?,true,Internet & Telecom,Web Services,0.98,1.5,0.5,,
2019,12,13,05,Try Google Cloud Platform for free,true,Internet & Telecom,Web Services,0.96,0.2,0.2,,
2019,12,13,05,airpod pro,false,,,,0.1,0.1,,
2019,12,13,05,airpod pro,false,,,,0.1,0.1,,
2019,12,13,04,Classifying Content | Cloud Natural Language API | Google Cloud,false,Internet & Telecom,Web Services,0.8,0.1,0.1,,
2019,12,13,04,categorize words google api,false,Internet & Telecom,,0.72,0.2,0.2,,
2019,12,13,04,categorize words,false,Reference,Language Resources,0.94,0.5,0.5,,
2019,12,13,04,https://support.google.com/accounts/answer?dupm_fake_answer_id=3024190&hl=en,false,,,,0.0,0.0,,
2019,12,13,04,download google search data,false,Internet & Telecom,Web Services,0.57,0.3,-0.3,,
2019,12,13,04,What is polarity and subjectivity in sentiment analysis? - Quora,false,Science,,0.82,0.7,0.1,,
2019,12,13,04,what does polarity mean in sentiment analysis,false,Science,,0.56,0.0,0.0,,
2019,12,13,04,Defined polarity,true,Science,Physics,0.54,0.1,0.1,,
2019,12,13,02,sentiment analysis simple tool,false,Computers & Electronics,Software,0.79,0.8,0.8,,
2019,12,13,02,sentiment analysis beginner,true,Business & Industrial,,0.59,0.6,0.6,,
2019,12,13,02,sentiment analysis with minimal coding,true,Science,Computer Science,0.81,0.2,-0.2,,
2019,12,13,02,Choosing a Python Library for Sentiment Analysis - Iflexion,false,Science,Computer Science,0.98,0.5,0.5,,
2019,12,13,02,10 best sentiment analysis tools - Talkwalker,false,Business & Industrial,,0.56,0.9,0.9,,
2019,12,13,02,best sentiment analysis tools packages,false,Business & Industrial,Business Services,0.5,0.8,0.8,,
2019,12,13,02,The Best 8 Sentiment Analysis Tools in 2019 - HubSpot Blog,false,,,,0.9,0.9,,
2019,12,13,02,best sentiment analysis tools free,false,Business & Industrial,,0.67,0.9,0.9,,
2019,12,13,02,Sentiment Analysis Using Machine Learning and Python,false,Science,Computer Science,0.92,0.9,0.9,,
2019,12,13,02,Simple Sentiment Analysis with Python (article) - DataCamp,false,Science,Computer Science,0.94,0.9,0.9,,
2019,12,13,02,python sentiment analysis package easy,false,Science,Computer Science,0.98,0.9,0.9,,
2019,12,13,02,Toggl - Free Time Tracking Software,false,Computers & Electronics,Software,0.74,0.7,0.7,,
2019,12,13,02,toggl,false,,,,0.0,0.0,,
2019,12,13,01,Convert HTML to PDF online Web/HTML to PDF API,false,Computers & Electronics,Software,0.74,0.3,0.3,,
2019,12,13,01,download html page as pdf,false,Computers & Electronics,Software,0.81,0.2,-0.2,,
2019,12,13,01,The Cook and the Chef: Musk's Secret Sauce — Wait But Why,false,,,,0.0,0.0,,
2019,12,13,01,waitbutwhy cook chef,true,Food & Drink,Cooking & Recipes,0.88,0.1,0.1,,
2019,12,13,01,Finals Frenzy » Wisconsin Union,false,Sports,Team Sports,0.82,0.4,0.4,,
2019,12,13,01,union south free food study week,false,Food & Drink,,0.55,0.6,0.6,,
2019,12,13,01,Toggl - Free Time Tracking Software,false,Computers & Electronics,Software,0.74,0.7,0.7,,
2019,12,13,01,toggl,false,,,,0.0,0.0,,
2019,12,13,01,Exporting user data | Toggl Knowledge Base,false,Business & Industrial,,0.83,0.9,0.9,,
2019,12,13,01,toggl data export,false,Computers & Electronics,,0.65,0.0,0.0,,
2019,12,13,01,Data Structure in Toggl | Toggl Knowledge Base,false,Computers & Electronics,Enterprise Technology,0.8,0.9,0.9,,
2019,12,13,01,Tags | Toggl Knowledge Base,false,,,,0.9,0.9,,
2019,12,13,01,toggl project and tag,false,,,,0.1,0.1,,
2019,12,13,01,working synonym,false,Reference,General Reference,0.99,0.3,0.3,,
2019,12,13,01,How to Pick a Career (That Actually Fits You) — Wait But Why,false,,,,0.1,-0.1,,
2019,12,13,01,wait but why career,true,Jobs & Education,Jobs,0.95,0.0,0.0,,
2019,12,13,01,Is it okay for parents to spank their kids? — Wait But Why,false,People & Society,Family & Relationships,0.89,0.4,0.1,,
2019,12,13,01,The Tail End — Wait But Why,false,,,,0.1,-0.1,,
2019,12,13,01,wait but why time adult,false,Adult,,0.65,0.1,-0.1,,
2019,12,13,00,Average Income in USA: Definition Family Household History,false,People & Society,,0.74,0.0,0.0,,
2019,12,13,00,average annual income,true,Business & Industrial,,0.68,0.0,0.0,,
2019,12,12,23,mac chrome shortcuts next tab,true,Computers & Electronics,Software,0.55,0.1,0.1,,
2019,12,12,23,bear include dates,true,Pets & Animals,Wildlife,0.63,0.1,0.1,,
2019,12,12,23,mail.c,true,Internet & Telecom,Email & Messaging,0.84,0.1,-0.1,,
2019,12,12,23,canvas,true,Arts & Entertainment,Visual Art & Design,0.81,0.6,-0.6,,
2019,12,12,22,‎Google Calendar on the App Store,false,Internet & Telecom,Mobile & Wireless,0.84,0.3,0.3,,
2019,12,12,22,google calendar app mac,true,Internet & Telecom,,0.72,0.1,0.1,,
2019,12,12,22,google calendar app,false,Internet & Telecom,,0.89,0.1,0.1,,
2019,12,12,14,Defined jolly,true,Computers & Electronics,,0.52,0.7,0.7,,
2019,12,12,14,jolly,true,Computers & Electronics,Computer Hardware,0.77,0.9,0.9,,
2019,12,12,04,FLOTILLA gameplay - YouTube,false,Arts & Entertainment,Online Media,0.81,0.2,0.2,,
2019,12,12,04,flotilla youtube,true,Arts & Entertainment,TV & Video,0.65,0.0,0.0,,
2019,12,12,04,Defined flotilla,true,Law & Government,Military,0.81,0.0,0.0,,
2019,12,12,00,Defined transferring,true,,,,0.3,0.3,,
2019,12,12,00,transfering,true,,,,0.8,0.8,,
2019,12,12,00,Volume of solid of revolution Calculator - Symbolab,false,Reference,General Reference,0.89,0.9,0.9,,
2019,12,12,00,"Solids of Revolutions - Volume" - Free ... - Wolfram|Alpha Widgets,false,,,,1.1,0.3,,
2019,12,12,00,rotate integral calculator,true,Reference,General Reference,0.98,0.5,0.5,,
2019,12,11,23,volume of cylinder formula,true,Autos & Vehicles,Vehicle Parts & Services,0.83,0.1,-0.1,,
2019,12,11,23,Washer method rotating around horizontal line (not x-axis) part 1 ...,false,Home & Garden,Laundry,0.7,0.4,-0.2,,
2019,12,11,23,Washer method rotating around vertical line (not y-axis) part 1 ...,false,Home & Garden,Laundry,0.66,0.6,-0.3,,
2019,12,11,23,washer method around y line,true,Home & Garden,Home Appliances,0.86,0.2,0.2,,
2019,12,11,23,Disc method around y-axis (video) | Khan Academy,false,Arts & Entertainment,,0.6,0.0,0.0,,
2019,12,11,23,method around y axis,true,Reference,,0.59,0.1,0.1,,
2019,12,11,23,Shell method for rotating around vertical line (video) | Khan Academy,false,Jobs & Education,Education,0.61,0.0,0.0,,
2019,12,11,23,shell method around y axis,true,Science,,0.52,0.0,0.0,,
2019,12,11,22,dx vs dy in rotation,true,Sports,,0.5,0.1,0.1,,
2019,12,11,21,2^5,true,,,,0.3,0.3,,
2019,12,11,21,calculator,true,Reference,General Reference,0.95,0.1,0.1,,
2019,12,11,21,Integration Rules - Math is Fun,false,Science,Mathematics,0.97,0.9,0.9,,
2019,12,11,21,rules of integration,true,Business & Industrial,,0.59,0.2,0.2,,
2019,12,11,19,website requesting information,true,,,,0.4,-0.4,,
2019,12,11,19,How the Web works - Learn web development | MDN,false,Internet & Telecom,Web Services,0.83,0.1,0.1,,
2019,12,11,19,What Happens When Your Browser Requests a Web Page ...,false,,,,0.8,-0.4,,
2019,12,11,19,webpage requesting information,true,Internet & Telecom,,0.68,0.6,-0.6,,
2019,12,11,04,Quizlet: Learning tools & flashcards for free,false,Jobs & Education,Education,0.62,0.8,0.8,,
2019,12,11,04,quizlet,true,Reference,,0.72,0.1,0.1,,
2019,12,11,01,Subjectivism morality,true,,,,0.2,0.2,,
2019,12,11,01,Conventionalism morality,true,People & Society,,0.64,0.2,0.2,,
2019,12,11,01,utilitarianism and consequentialism,true,Reference,Humanities,0.97,0.1,0.1,,
2019,12,11,01,utilitarianism and consequentialism is the same thing,true,Reference,Humanities,0.98,0.1,-0.1,,
2019,12,11,01,another word for Utilitarianism,true,Reference,Humanities,0.94,0.1,0.1,,
2019,12,11,01,Categorical imperative - Wikipedia,false,Science,Mathematics,0.69,0.0,0.0,,
2019,12,11,01,Defined categorical imperative,true,Science,Mathematics,0.96,0.0,0.0,,
2019,12,11,01,categorical,false,Sports,,0.77,0.0,0.0,,
2019,12,11,00,plane hd images,true,Arts & Entertainment,Online Media,0.62,0.4,0.4,,
2019,12,11,00,Free Simple Google Slides Themes and PowerPoint Templates ...,false,Computers & Electronics,Software,0.9,2.2,0.7,,
2019,12,11,00,simple google slide templates,true,Internet & Telecom,,0.65,0.6,0.6,,
2019,12,11,00,Academic Presentation | Free PowerPoint Template - 24Slides,false,Computers & Electronics,Software,0.98,0.5,0.5,,
2019,12,11,00,academic powerpoint template,false,Computers & Electronics,Software,0.97,0.0,0.0,,
2019,12,10,22,Ali Batayneh email wisc,true,,,,0.0,0.0,,
2019,12,10,21,excel cost,true,Computers & Electronics,Software,0.98,0.0,0.0,,
2019,12,10,16,Twitter Sentiment Analysis using Python - GeeksforGeeks,false,Online Communities,Blogging Resources & Services,0.88,0.5,0.5,,
2019,12,10,16,tkinter sentiment analysis,true,Science,Computer Science,0.99,0.3,0.3,,
2019,12,10,06,anne marie pronunciation,true,Reference,Language Resources,0.79,0.6,0.6,,
2019,12,10,06,ann marie,true,,,,0.3,0.3,,
2019,12,10,05,Good Samaritan Laws,true,People & Society,,0.58,0.8,0.8,,
2019,12,10,04,categorical imperative,true,Science,Mathematics,0.86,0.0,0.0,,
2019,12,10,04,deontological,true,,,,0.0,0.0,,
2019,12,10,04,teleological,true,Reference,Humanities,0.76,0.0,0.0,,
2019,12,09,22,How do you do the "therefore" (∴) symbol on a Mac or in Textmate ...,false,Jobs & Education,Education,0.59,0.0,0.0,,
2019,12,09,22,type therefore symbol mac,true,Computers & Electronics,Software,0.84,0.2,0.2,,
2019,12,09,22,therefore symbol unicode,true,Computers & Electronics,Software,0.77,0.3,-0.3,,
2019,12,09,22,Cut Songs for playlist - The Spotify Community,false,Arts & Entertainment,Online Media,0.85,0.2,0.2,,
2019,12,09,22,h,true,0.0,0.0,,
2019,12,09,22,Is there a way to trim tracks or cut "hidden" trac... - The Spotify ...,false,Arts & Entertainment,Music & Audio,0.67,0.5,0.1,,
2019,12,09,22,spotify cut parts out of songs,true,Arts & Entertainment,Music & Audio,0.83,0.0,0.0,,
2019,12,09,21,Tools for Pair Programming - Operation Code - Medium,false,Computers & Electronics,Programming,0.86,0.4,0.4,,
2019,12,09,21,pair programming tools -remote,true,Computers & Electronics,Programming,0.65,0.1,0.1,,
2019,12,09,21,Pair programming tool - Pair Programming - USE Together,false,Computers & Electronics,Programming,0.97,0.5,0.5,,
2019,12,09,21,6 Collaborative Coding Tools for Remote Pair Programming - SitePoint,false,Science,Computer Science,0.76,0.3,0.3,,
2019,12,09,21,pair programming tools,true,Computers & Electronics,Programming,0.93,0.0,0.0,,
2019,12,09,21,pro tanto reason,true,,,,0.0,0.0,,
2019,12,09,20,Huron Cross-Country — Kent Overbey,false,,,,0.0,0.0,,
2019,12,09,20,kent overbey,true,,,,0.1,0.1,,
2019,12,09,20,kent cross country huron,true,,,,0.1,0.1,,
2019,12,09,20,kent cross country,true,,,,0.1,0.1,,
2019,12,09,20,Free Online HTML Formatter - FreeFormatter.com,false,Computers & Electronics,Software,0.72,0.4,0.4,,
2019,12,09,20,How to format "one line html" as a pretty document in sublime ...,false,Reference,,0.58,1.1,0.5,,
2019,12,09,20,html autoformat all in one line,true,Internet & Telecom,Web Services,0.93,0.1,0.1,,
2019,12,09,20,sublime text autoformat,true,Arts & Entertainment,Music & Audio,0.87,0.9,0.9,,
2019,12,09,05,CompSci 101 - Big-O notation - Dave Perrett,false,Arts & Entertainment,Music & Audio,0.79,0.2,0.2,,
2019,12,09,05,Big O Notation Of Exponential Functions - Stack Overflow,false,Science,Mathematics,0.86,0.0,0.0,,
2019,12,09,05,big o exponential,true,,,,0.1,0.1,,
2019,12,08,23,Gym Showdown: Free Weights vs. Machines - Lifehacker,false,Beauty & Fitness,Fitness,0.96,0.2,0.2,,
2019,12,08,23,weights vs machine,true,Beauty & Fitness,Fitness,0.94,0.1,0.1,,
2019,12,08,23,Average value over a closed interval (video) | Khan Academy,false,,,,0.2,-0.2,,
2019,12,08,23,average of a function khan academy,true,Jobs & Education,Education,0.94,0.0,0.0,,
2019,12,08,08,stevie wonder,true,Arts & Entertainment,Music & Audio,0.91,0.6,0.6,,
2019,12,08,07,What Is the Purpose of Nonprofit Organizations? | Chron.com,false,People & Society,Social Issues & Advocacy,0.92,0.7,0.0,,
2019,12,08,07,reason of not for profit organisations,true,People & Society,Social Issues & Advocacy,0.79,0.2,-0.2,,
2019,12,08,07,not for profit organizations reason,true,People & Society,Social Issues & Advocacy,0.8,0.2,-0.2,,
2019,12,08,07,not for profit organizations,true,People & Society,Social Issues & Advocacy,0.77,0.2,-0.2,,
2019,12,08,07,Nonprofit organization - Wikipedia,false,People & Society,Social Issues & Advocacy,0.82,0.1,0.1,,
2019,12,08,07,what constitutes a nonprofit organization,true,People & Society,Social Issues & Advocacy,0.97,0.1,-0.1,,
2019,12,08,07,california universities,true,Jobs & Education,Education,0.95,0.2,0.2,,
2019,12,08,07,Google Search,false,Internet & Telecom,,0.95,0.1,-0.1,,
2019,12,08,06,Frequently asked questions about OmniFocus sync - Support - The ...,false,,,,0.9,-0.4,,
2019,12,08,06,omnifocus mac and ios sync often,true,Internet & Telecom,Mobile & Wireless,0.84,0.0,0.0,,
2019,12,08,06,Sync often takes minutes is it my internet connection?! - OmniFocus ...,false,Computers & Electronics,Software,0.55,1.2,-0.2,,
2019,12,08,06,omnifocus mac and ios sync faster,true,Internet & Telecom,Mobile & Wireless,0.83,0.3,0.3,,
2019,12,08,05,mom jeans,true,Shopping,Apparel,0.81,0.2,0.2,,
2019,12,08,05,cana,true,,,,0.8,0.8,,
2019,12,08,04,E C E 252 - Grade Distribution,false,0.0,0.0,,
2019,12,08,04,adill cs 252,true,Games,Computer & Video Games,0.92,0.0,0.0,,
2019,12,08,04,A ab madison,true,,,,0.1,-0.1,,
2019,12,08,04,sheep tail,true,,,,0.0,0.0,,
2019,12,07,00,How To: Chest Press (Cybex) - YouTube,false,Reference,,0.53,0.0,0.0,,
2019,12,07,00,How to Use a Chest Press Machine - YouTube,false,